{
  "test_set": "1st_test",
  "ks_stat": 0.29843199963231437,
  "ks_p": 1.1409315427772457e-170,
  "levene_stat": 123.46587635212101,
  "levene_p": 8.761770440630644e-74,
  "mean": 0.13254133203552862,
  "std": 0.008183149068442445,
  "generated_at": "2025-12-07T05:13:03.209801"
}