{
  "test_set": "2nd_test",
  "ks_stat": 0.2990611810051726,
  "ks_p": 1.5560270062689902e-78,
  "levene_stat": 79.50259747870223,
  "levene_p": 4.9026744207930575e-46,
  "mean": 0.09547757535385891,
  "std": 0.02798196134211594,
  "generated_at": "2025-12-07T05:13:20.472400"
}