{
  "test_set": "3rd_test",
  "ks_stat": 0.4016574536780346,
  "ks_p": 0.0,
  "levene_stat": 133.68566792308692,
  "levene_p": 5.682391931698082e-84,
  "mean": 0.07171118850656988,
  "std": 0.017034424529862934,
  "generated_at": "2025-12-07T05:15:14.033254"
}