{
  "train_set": "1st_test",
  "test_set": "2nd_test",
  "mse": 0.0013167676515877247,
  "mae": 0.026334602385759354,
  "failure_idx": 979,
  "estimated_rul": 40
}