{
  "start_epoch": 1,
  "end_epoch": 20,
  "epoch_losses": [
    0.04432351106116848,
    0.0076202227313432,
    0.0033589696526647576,
    0.0019474285654723644,
    0.0012156341221153497,
    0.0010104830575836522,
    0.0007988603188536099,
    0.0007258202766083301,
    0.0006390955409921346,
    0.0006266632295709344,
    0.0007279182440646353,
    0.0006888133507492321,
    0.0006390775351094142,
    0.0005215740238782018,
    0.0004185187243556063,
    0.000375547488558016,
    0.0002958602487905732,
    0.0002637932662882151,
    0.00027671915050896426,
    0.0002528380376339379
  ],
  "lr_history": [
    0.0005,
    0.00048778860081564085,
    0.0004523497400965494,
    0.00039715242044697206,
    0.0003275997400965494,
    0.0002505,
    0.00017340025990345064,
    0.00010384757955302797,
    4.865025990345063e-05,
    1.3211399184359193e-05,
    0.0005,
    0.00048778860081564085,
    0.0004523497400965494,
    0.00039715242044697206,
    0.0003275997400965494,
    0.0002505,
    0.00017340025990345064,
    0.00010384757955302797,
    4.865025990345063e-05,
    1.3211399184359193e-05
  ],
  "trained": true
}